feature1,feature2,feature3,feature4,feature5
69.13,91.98,10.33,0.94,65.58
27.92,55.13,21.78,32.88,93.87
96.02,90.57,87.69,46.32,45.99
67.19,9.17,71.02,3.46,55.77
22.27,51.69,75.51,59.16,73.81
19.5,52.14,34.4,55.86,9.43
5.54,59.08,19.77,33.59,74.23
13.73,22.47,70.63,89.66,45.62
33.89,81.81,47.58,94.11,1.93
86.74,88.89,24.59,17.38,82.12
76.14,49.96,51.47,8.97,12.57
42.61,56.5,84.93,90.51,52.66
49.26,62.27,19.41,74.71,16.96
24.4,13.63,27.54,85.1,52.31
40.31,5.54,86.74,85.98,71.6
93.91,57.73,92.58,70.25,43.2
55.76,93.04,1.22,94.1,33.45
23.54,37.65,94.78,43.73,6.84
73.96,80.69,39.6,52.43,23.78
43.58,14.22,27.02,37.21,91.2
49.46,87.92,60.32,79.01,32.58
66.4,48.33,71.52,55.38,57.88
5.37,54.15,40.63,6.33,84.24
86.51,64.15,18.45,49.99,7.68
59.74,38.86,32.06,15.46,22.34
17.39,57.92,10.39,20.77,90.28
92.24,51.83,15.03,45.36,46.52
49.23,49.96,72.51,96.3,91.76
38.36,57.36,90.88,94.81,93.89
15.96,58.51,11.29,81.86,57.75
65.59,30.96,85.4,95.52,60.58
26.97,24.25,58.54,90.71,50.02
0.0,85.07,82.55,73.05,69.0
41.72,18.99,26.63,44.29,69.22
68.39,54.52,99.97,3.59,11.59
58.1,25.44,70.45,28.89,44.78
31.85,5.5,98.95,54.75,74.05
97.35,6.15,32.4,75.21,60.86
82.04,91.83,18.19,7.55,31.91
40.67,7.55,56.51,63.49,28.62
48.85,87.63,68.68,96.49,81.9
3.07,62.45,91.71,23.97,60.75
40.64,43.23,44.1,62.09,22.78
94.45,3.72,79.15,89.88,74.08
73.26,31.18,49.66,11.18,92.15
61.91,47.94,17.75,33.56,29.7
47.05,35.59,8.65,18.83,38.61
71.08,35.38,79.8,32.33,96.82
79.95,21.12,73.8,86.64,85.59
71.66,47.68,97.87,21.02,85.05
44.37,8.52,29.04,66.3,28.66
52.6,11.75,49.6,6.93,81.13
45.06,4.08,4.88,70.61,91.68
77.03,68.3,48.13,16.69,63.44
52.55,71.21,52.42,10.9,30.63
1.78,99.99,38.43,95.68,34.91
60.94,99.0,91.85,38.59,93.29
14.69,65.33,70.71,42.34,75.6
32.48,71.57,36.4,36.56,49.94
87.26,21.8,85.78,31.25,18.83
12.17,64.22,29.01,34.79,14.69
33.66,66.59,52.99,27.94,24.89
97.07,73.29,86.1,67.9,98.91
84.78,71.92,85.0,77.07,73.96
76.35,84.15,21.17,7.52,68.76
5.83,64.4,53.37,47.06,33.53
85.43,58.79,96.72,22.65,77.13
29.87,6.98,97.03,20.45,53.48
23.67,59.93,75.67,74.74,81.75
3.77,77.34,38.13,11.03,59.28
31.87,27.53,82.95,5.71,73.11
57.95,67.11,26.6,67.14,69.14
1.27,40.54,77.2,17.39,32.95
26.25,66.46,86.19,36.31,15.24
54.22,10.36,8.37,52.57,49.47
69.98,66.49,85.95,79.52,81.61
90.83,76.98,8.6,8.91,51.8
18.07,79.99,85.86,31.3,11.08
49.05,88.1,37.54,43.47,81.26
48.46,1.9,68.44,25.63,58.23
77.02,10.42,87.46,46.96,32.06
20.94,96.98,15.73,94.27,53.31
16.16,56.24,63.29,92.76,30.58
73.52,67.8,63.73,10.42,72.69
32.47,98.14,41.55,22.73,59.69
37.99,61.54,33.87,56.51,38.29
85.82,94.97,17.11,24.07,0.27
25.62,43.71,21.83,45.44,97.09
6.83,82.48,67.73,49.9,99.4
80.21,51.61,41.49,41.87,38.82
38.59,61.4,44.75,81.22,72.37
57.08,37.66,33.28,45.24,27.35
89.84,41.77,51.35,88.04,20.0
33.98,64.27,21.68,66.06,34.28
28.2,27.59,44.0,46.31,29.39
23.57,77.23,11.3,55.41,41.83
49.32,99.86,71.19,28.8,24.78
50.97,5.22,28.01,30.4,24.03
57.26,9.84,7.55,8.28,63.59
26.49,83.78,26.69,98.73,14.61
34.56,77.58,80.31,22.81,94.49
27.34,16.69,48.02,18.41,61.9
29.79,95.59,34.56,14.16,85.05
23.12,74.93,27.58,88.17,54.76
65.48,62.44,37.87,75.43,60.15
22.19,73.61,37.54,17.07,85.83
54.1,25.24,56.52,88.96,34.32
60.89,52.17,78.49,27.8,92.38
16.7,77.84,17.5,84.75,25.77
2.4,58.08,12.71,61.81,31.38
49.04,60.32,96.43,97.45,3.34
76.01,80.4,33.78,0.2,92.23
78.73,53.25,88.98,91.5,76.07
79.22,68.36,48.08,2.99,9.39
13.14,26.59,39.08,21.31,88.39
53.84,2.2,93.25,37.52,63.76
14.74,61.47,70.52,80.97,83.9
94.84,85.14,92.17,21.64,68.87
48.88,31.9,31.68,79.21,52.8
4.78,30.77,3.69,31.27,29.86
70.87,27.03,23.11,73.97,44.51
92.84,23.33,65.63,85.42,63.99
78.91,74.94,42.17,0.69,1.09
44.61,3.24,9.79,51.68,75.9
99.99,23.81,5.13,86.43,16.77
61.59,9.76,38.86,92.49,93.84
53.73,76.79,9.75,38.58,97.7
98.32,47.81,43.71,62.69,30.85
66.37,32.42,30.01,30.52,37.1
2.53,33.01,78.83,45.84,79.72
92.69,43.17,49.15,47.58,61.92
2.47,64.72,49.87,53.61,48.52
20.9,72.05,34.6,65.51,22.93
41.3,55.6,43.72,38.73,73.96
59.28,68.9,80.89,24.79,27.33
13.57,72.99,24.78,55.22,14.02
16.16,94.25,96.74,44.09,19.29
33.8,95.63,53.0,54.68,31.69
64.81,8.89,52.58,11.54,67.42
74.9,65.35,45.03,38.22,28.05
99.52,34.16,19.32,92.11,55.07
39.22,95.1,25.9,34.95,9.35
3.97,10.5,25.97,76.21,97.17
93.25,32.99,18.96,43.86,29.58
36.83,30.99,91.93,32.23,40.2
93.75,14.96,81.5,4.68,62.63
74.35,69.83,20.54,15.35,2.48
18.92,79.64,89.39,3.62,5.34
32.96,31.11,95.2,48.0,45.81
55.73,1.76,23.55,15.36,2.1
67.53,63.33,81.99,66.11,4.32
95.54,56.12,16.32,48.28,11.05
1.38,28.56,10.44,61.09,27.32
87.83,90.87,92.7,53.01,66.04
76.52,43.09,37.5,34.42,2.21
76.18,90.14,33.72,17.01,61.66
5.89,53.95,75.67,58.2,81.33
40.04,18.31,80.51,36.68,67.29
39.67,42.26,42.53,61.3,60.35
20.84,35.46,88.43,10.6,86.7
18.33,0.93,31.1,80.27,86.75
76.59,20.9,58.56,79.41,83.31
87.27,25.95,12.24,88.11,69.82
60.32,42.98,16.7,87.82,77.82
56.93,52.29,28.95,30.95,16.02
67.48,2.87,43.49,80.54,2.73
98.31,98.54,60.46,77.19,38.88
23.33,99.76,97.99,64.21,87.7
94.55,58.64,79.23,35.14,51.91
93.94,60.87,17.58,39.9,87.76
71.32,59.02,98.4,68.28,2.67
33.1,69.5,54.91,90.15,6.9
73.58,30.15,50.19,68.84,57.43
3.05,27.78,99.52,3.61,7.95
47.95,98.36,34.03,21.17,35.66
98.68,76.21,49.17,23.01,9.09
80.01,11.94,35.01,42.59,8.35
97.88,23.7,21.98,27.02,18.79
28.04,46.43,20.75,78.46,8.12
75.7,46.06,57.12,30.19,19.22
79.42,21.15,43.23,69.06,43.26
5.53,32.41,28.65,2.52,65.73
11.9,54.47,35.19,37.27,24.17
95.28,38.88,34.23,91.67,57.15
27.82,48.17,29.5,99.3,83.05
26.17,3.6,58.85,84.87,79.91
2.87,49.06,51.15,39.97,31.27
59.1,73.68,7.15,39.81,31.55
83.74,36.3,33.18,83.84,38.58
44.92,30.55,63.58,70.39,67.3
29.48,41.37,49.12,72.21,14.97
82.27,27.49,12.19,79.66,89.24
33.19,34.14,27.85,69.09,92.39
65.13,35.58,6.01,38.56,72.82
46.51,15.2,72.66,0.73,20.44
92.63,82.8,11.21,34.43,99.18
11.58,10.89,32.54,18.37,80.12
21.49,32.18,98.28,96.75,59.49
66.57,95.35,87.29,13.41,17.44
3.91,74.71,77.78,67.42,37.59
9.66,27.41,7.74,52.47,42.01
13.85,91.39,13.97,32.79,30.82
13.2,43.48,94.41,9.95,22.23
33.85,18.59,94.73,59.88,46.19
61.41,41.5,57.55,30.04,33.02
30.67,26.02,82.25,13.8,56.85
34.17,80.14,44.07,71.74,47.24
24.26,61.25,34.73,32.35,4.3
21.66,84.26,5.8,96.72,69.19
41.99,76.38,75.33,27.37,36.41
54.87,32.12,53.81,4.5,44.43
25.84,20.91,41.19,12.02,3.22
94.92,7.02,41.56,24.76,91.79
49.46,81.12,13.8,68.32,43.19
49.03,84.26,70.23,35.41,66.81
95.15,67.85,86.85,28.07,26.76
20.79,41.1,62.58,44.36,71.81
26.68,59.91,28.92,33.66,84.51
11.9,14.53,1.87,4.83,80.91
43.72,2.41,32.64,94.58,42.53
52.68,55.1,61.32,91.2,81.56
37.09,85.62,11.28,20.89,89.24
50.77,15.68,65.33,19.36,60.01
61.21,71.81,61.04,28.58,31.39
12.56,61.55,66.9,93.82,59.47
42.78,81.91,78.09,71.31,96.1
53.38,26.12,74.68,61.01,36.15
98.34,45.63,58.06,83.77,30.38
54.95,9.91,88.93,98.94,66.7
21.85,88.3,39.3,35.6,5.01
95.84,82.24,41.17,50.36,88.87
8.19,53.68,85.02,30.61,63.42
97.59,49.56,76.45,0.69,3.7
18.32,69.1,70.06,9.08,93.14
59.29,5.85,86.82,47.77,33.3
75.13,37.25,22.59,85.35,85.34
98.18,73.87,24.95,90.0,87.4
41.86,32.05,13.9,92.46,96.04
41.4,38.77,13.43,85.11,73.05
24.8,75.44,39.76,54.83,57.91
57.62,43.65,31.7,30.65,18.16
55.12,83.74,23.12,42.14,96.6
93.95,77.33,65.98,56.78,48.38
30.95,54.84,30.73,59.36,71.15
19.48,7.74,6.16,99.94,69.66
96.61,94.26,2.92,84.4,34.36
33.12,84.16,65.1,91.54,22.83
12.71,19.02,10.87,29.13,1.38
42.9,82.75,50.16,23.7,3.53
88.81,27.14,86.72,15.3,63.89
30.5,84.91,80.81,72.03,83.39
77.04,99.71,52.21,86.5,24.02
56.2,80.87,74.44,53.61,3.1
81.87,44.28,44.36,26.31,77.88
98.44,47.61,84.74,94.92,46.11
40.22,66.6,88.33,51.22,38.85
97.55,2.03,4.13,61.68,83.7
32.56,97.56,14.19,75.25,70.4
24.68,72.24,34.21,10.76,47.6
88.61,39.78,88.94,47.17,2.24
94.34,96.98,48.12,88.95,93.98
91.44,72.08,96.69,88.35,32.29
40.56,73.31,71.49,69.98,37.53
64.7,47.88,16.03,84.89,62.98
56.54,16.05,31.86,20.07,64.46
28.92,84.69,20.05,50.64,36.38
30.71,35.68,70.28,42.56,67.33
99.82,54.4,36.76,23.62,58.58
42.67,41.88,21.11,34.16,36.0
75.16,26.76,40.55,92.85,37.5
92.41,68.09,78.16,1.84,77.05
70.15,65.84,46.86,51.42,88.41
57.92,99.77,57.46,18.45,67.13
98.24,73.53,41.99,52.75,27.49
79.38,23.63,41.3,35.65,59.75
59.35,46.04,91.62,39.21,98.39
53.92,75.73,59.82,54.91,55.23
1.71,74.58,36.36,64.43,67.91
18.17,94.39,96.92,61.62,92.28
87.25,49.61,43.8,42.81,37.43
45.79,94.81,38.6,46.11,33.26
20.88,91.99,57.49,62.11,86.45
91.45,49.61,38.74,88.48,68.21
96.33,2.43,59.41,10.88,39.01
53.22,52.29,61.62,67.49,3.21
32.1,9.67,62.05,63.89,48.56
97.01,31.18,65.3,86.79,67.8
83.06,1.74,11.88,83.49,50.29
25.31,87.08,97.63,86.28,86.33
73.19,73.24,31.94,12.51,48.89
96.46,32.9,41.82,58.03,95.33
57.11,28.77,70.25,38.49,77.72
53.01,49.49,34.03,44.3,0.07
60.48,60.19,97.98,70.68,13.0
57.73,13.83,50.56,26.92,64.6
70.07,77.22,76.52,65.99,12.53
14.88,96.44,47.46,99.34,65.3
10.87,60.81,22.57,11.78,98.18
7.27,89.98,6.98,65.11,47.11
41.12,0.18,3.39,45.41,69.88
92.27,44.97,48.74,90.61,53.76
31.98,14.72,7.86,54.34,58.21
94.73,3.4,72.24,84.93,30.06
9.64,67.68,80.59,89.09,21.51
17.5,52.4,31.56,35.71,38.98
89.0,53.45,44.38,26.69,33.03
98.25,29.46,61.28,44.36,30.4
30.59,55.59,36.18,68.06,77.68
92.72,67.37,23.82,53.1,52.46
50.8,67.46,81.38,91.88,42.06
99.47,12.48,52.95,96.1,70.58
98.73,31.62,24.44,45.97,88.52
33.31,88.69,14.09,97.62,38.34
53.25,14.78,84.64,57.6,73.53
11.46,53.45,88.21,12.74,82.84
35.99,54.2,73.36,62.58,91.09
39.19,56.98,47.45,55.92,43.89
78.49,43.16,87.13,74.9,29.51
71.54,69.67,9.74,24.34,22.53
81.58,74.88,85.32,43.32,56.23
96.17,37.5,61.26,88.13,41.17
5.27,3.22,90.13,30.25,96.18
58.21,91.01,58.02,41.04,59.38
30.58,83.23,21.54,26.86,92.48
94.34,27.32,76.51,50.76,60.25
47.64,57.49,35.68,4.49,82.38
28.62,58.7,75.87,8.93,9.68
44.2,86.79,44.9,16.0,49.53
37.25,45.97,56.66,95.01,13.75
73.32,29.07,46.06,81.48,76.62
80.59,77.14,32.39,88.18,13.94
47.76,18.44,29.03,69.87,83.01
3.12,49.12,95.06,30.45,36.55
53.37,89.59,20.41,15.65,75.99
14.54,30.05,57.71,34.94,88.87
66.55,95.11,77.79,29.32,52.36
50.74,75.05,50.78,84.29,25.03
30.24,58.21,52.84,11.98,19.76
95.64,71.71,91.86,56.29,56.7
5.72,3.75,57.17,28.78,52.18
76.03,63.76,10.51,11.89,38.52
38.04,77.55,7.91,24.3,11.0
43.91,89.11,51.57,23.06,47.19
67.21,70.96,92.06,19.05,19.47
66.14,6.15,4.03,29.9,50.43
43.4,16.87,1.92,7.07,53.23
91.48,19.85,83.21,9.28,13.38
85.42,74.32,92.17,77.26,38.08
67.64,97.7,94.51,97.79,93.49
12.5,69.95,26.46,73.21,87.2
13.52,55.3,46.92,53.56,42.94
77.37,1.62,12.11,27.66,28.35
48.21,62.61,64.36,80.25,31.42
38.51,27.71,35.74,9.45,91.41
65.56,48.27,43.05,64.65,73.2
64.59,96.31,45.56,40.4,49.97
31.65,50.02,76.79,47.57,73.74
2.25,88.86,9.2,46.14,86.27
85.15,33.9,79.45,70.7,9.13
84.43,57.6,63.49,50.11,93.37
26.43,75.31,10.37,30.99,46.0
9.62,24.24,82.81,27.32,84.84
41.98,6.96,3.77,19.97,51.87
93.57,3.37,2.57,60.93,75.72
76.78,27.29,79.85,80.69,86.75
34.89,65.35,42.27,95.81,71.44
31.45,82.81,34.79,35.17,7.12
63.32,12.42,31.07,64.8,68.14
54.57,82.12,34.04,70.66,13.48
59.71,27.26,74.91,25.3,32.29
19.82,84.24,27.69,54.88,98.56
78.14,67.29,8.86,63.65,53.25
27.33,48.1,39.08,52.11,55.1
88.67,22.21,76.29,92.69,90.67
13.23,33.66,26.79,23.63,19.31
21.18,56.07,26.21,2.29,40.27
28.91,36.42,50.41,40.6,75.57
18.05,42.53,21.22,89.92,75.65
28.53,93.67,91.57,54.34,48.62
47.98,11.68,22.44,20.72,85.24
32.41,88.92,84.92,35.29,68.55
43.57,63.79,33.18,23.56,44.16
55.1,47.53,30.71,30.18,78.58
0.19,6.2,5.18,43.85,88.78
69.1,19.72,65.17,84.08,66.98
90.91,58.75,10.86,83.55,35.09
43.5,66.01,89.65,86.59,45.75
47.28,24.65,31.98,85.31,74.19
26.33,73.23,31.75,25.85,44.16
91.58,15.29,97.66,20.68,92.03
12.09,19.51,68.21,74.63,43.5
89.56,39.13,11.62,32.19,88.77
92.71,2.51,48.99,16.69,50.76
50.37,25.44,20.21,43.59,21.72
77.09,61.63,6.0,47.53,97.39
79.86,53.98,97.38,47.26,72.13
82.06,43.12,3.38,14.02,76.29
59.13,11.89,83.32,93.93,43.72
45.15,68.29,7.42,46.15,47.21
62.56,10.37,4.11,66.0,25.52
16.11,86.6,88.04,11.09,92.72
32.49,54.41,94.78,10.2,7.88
7.17,80.03,86.43,18.82,64.05
15.99,1.63,15.17,43.01,10.14
27.56,67.76,19.52,22.56,36.2
92.09,31.51,69.34,64.04,74.54
96.5,96.96,22.05,0.85,93.06
76.35,92.39,48.68,42.09,83.78
12.88,95.71,19.93,38.12,82.08
69.54,50.66,39.71,89.69,45.6
7.1,92.77,5.99,61.83,16.84
34.07,13.05,31.08,84.94,84.56
1.36,17.68,67.63,50.52,53.96
6.11,81.32,32.43,98.12,29.6
42.18,18.99,50.72,84.93,82.5
20.93,59.33,43.59,48.42,70.87
79.98,25.13,40.93,3.69,38.52
4.44,46.38,28.43,11.79,68.41
37.68,3.2,96.09,97.21,1.99
27.32,68.86,77.22,7.9,85.61
4.26,16.48,60.59,0.9,53.16
65.45,97.8,52.56,89.37,77.16
86.54,99.33,11.78,45.96,73.24
81.29,38.57,39.96,73.33,56.77
98.73,56.86,24.43,16.04,93.04
60.23,24.68,33.82,22.06,87.76
36.01,58.8,42.49,55.52,50.93
6.07,9.34,52.29,52.91,34.68
73.12,2.6,76.68,91.97,87.72
91.75,37.4,93.78,85.2,54.74
32.82,72.31,95.57,45.04,67.54
23.37,18.78,38.38,99.11,54.29
73.44,91.5,3.27,69.72,65.44
14.5,57.12,0.61,30.9,72.82
86.07,64.59,64.0,77.33,38.21
82.84,29.91,70.69,88.48,67.7
76.03,82.85,84.93,89.06,11.49
63.18,64.84,42.39,87.81,91.54
40.55,79.71,14.22,52.09,40.38
74.52,36.56,51.35,1.61,3.15
88.77,17.38,66.55,14.29,16.77
66.91,2.03,26.57,68.62,20.47
37.99,77.73,9.84,12.91,9.82
60.51,89.94,48.29,58.56,40.5
98.92,95.84,80.31,96.21,59.3
33.7,68.64,35.51,53.99,30.51
96.24,36.55,53.58,5.88,32.07
1.47,30.72,32.65,44.58,7.59
89.53,48.94,1.59,54.56,50.63
70.38,47.25,9.8,74.38,43.47
57.1,20.21,24.02,70.12,30.51
72.18,76.87,27.9,39.15,30.9
62.73,58.2,79.72,69.91,87.15
26.8,19.29,42.53,1.65,98.14
52.16,6.52,33.26,1.92,91.38
59.83,20.24,21.33,80.45,38.13
46.94,34.54,40.18,69.25,99.85
37.23,52.51,95.1,11.0,94.49
57.39,93.41,20.11,14.93,15.43
93.1,16.76,66.03,32.81,95.09
66.57,47.03,92.79,18.64,56.94
7.69,78.15,25.42,92.1,79.69
76.21,57.11,11.75,23.37,32.25
79.14,66.0,98.74,52.01,41.23
8.8,51.25,85.33,1.04,10.51
99.37,21.18,25.17,17.27,80.2
86.08,8.38,85.73,87.46,94.85
71.15,55.48,56.04,40.11,58.85
53.07,83.59,70.87,21.01,30.61
64.42,74.97,62.95,75.39,88.01
45.71,16.18,39.72,22.1,11.51
18.15,57.48,78.53,52.41,66.64
73.39,10.35,87.09,80.14,96.8
12.25,8.8,17.56,39.77,86.93
76.53,27.87,95.09,79.55,65.83
73.06,73.94,45.36,65.04,52.21
51.26,67.78,66.25,64.33,15.46
56.39,12.76,74.42,31.62,33.68
77.92,19.94,12.36,27.26,49.78
30.97,20.56,55.04,96.54,95.71
97.5,58.51,34.1,8.87,19.95
54.57,52.42,53.91,85.61,0.89
51.77,49.02,67.54,88.71,78.14
18.68,84.53,75.54,11.05,8.7
65.04,26.7,72.7,25.0,74.14
49.97,72.24,70.63,25.72,35.47
27.87,41.02,89.34,5.79,58.86
47.04,34.97,62.82,45.86,88.59
5.8,86.68,42.29,73.72,81.23
15.09,5.06,14.46,95.7,23.26
84.58,41.04,82.06,92.32,47.14
17.76,17.65,5.8,30.38,20.06
40.07,3.5,38.65,31.93,13.66
99.84,56.85,75.32,91.46,70.36
65.25,25.77,34.62,55.68,1.04
2.48,49.37,19.97,43.18,36.76
63.49,86.21,20.3,45.28,57.31
23.29,51.78,4.89,53.76,30.43
12.28,1.88,70.08,28.06,5.65
77.82,58.88,87.13,99.64,64.57
45.04,43.77,5.31,70.32,88.66
61.5,79.63,92.64,62.2,7.24
82.9,46.19,20.5,9.86,99.5
15.44,89.99,84.87,43.83,71.77
72.36,67.74,28.17,75.63,9.61
30.66,93.39,7.53,76.67,66.34
22.8,82.07,77.23,26.95,46.55
17.41,53.86,69.02,97.81,74.93
26.37,27.44,49.09,66.38,59.91
51.5,17.97,97.17,25.6,73.17
75.21,45.69,69.48,88.15,46.71
74.81,30.47,17.65,73.52,25.39
35.07,11.09,0.27,47.97,87.73
26.34,20.29,43.36,55.3,51.89
52.53,5.93,86.25,55.57,11.83
79.41,96.94,36.04,77.01,13.77
13.63,70.03,22.92,10.81,47.48
26.5,8.25,26.82,3.3,97.55
56.6,4.22,45.24,29.82,61.7
35.88,22.31,51.05,0.29,9.24
44.02,15.11,99.05,1.15,85.24
73.32,52.93,72.96,56.87,20.71
42.08,35.34,14.17,6.88,15.66
62.97,85.91,12.11,64.29,80.86
3.05,13.59,2.23,52.18,1.25
15.03,75.64,58.58,95.66,80.26
79.09,53.66,24.85,0.38,66.12
27.47,6.77,56.43,2.04,48.51
1.86,90.14,8.26,61.52,4.56
24.44,95.7,63.45,14.86,11.7
42.65,65.91,59.52,80.38,4.16
45.37,83.09,19.68,58.2,18.92
63.65,52.14,82.16,83.41,19.12
44.77,23.68,22.63,78.41,98.66
38.23,44.09,24.62,71.5,68.97
55.19,26.55,84.69,7.42,62.29
15.76,6.98,39.7,77.45,3.34
30.79,37.92,24.24,30.32,90.65
31.59,6.3,99.55,78.97,75.37
2.67,17.74,30.98,22.84,67.38
6.6,75.43,74.41,47.9,6.88
47.85,30.5,22.71,16.52,89.41
1.63,63.95,26.75,72.52,30.73
18.94,5.16,64.39,57.32,41.85
20.15,19.69,40.63,2.29,80.08
52.35,14.43,10.73,52.68,9.52
16.35,52.5,22.7,69.79,54.03
21.36,85.9,3.95,7.16,98.08
99.56,17.0,84.01,59.63,97.02
33.56,76.32,34.68,87.54,76.29
18.42,70.5,80.77,18.77,5.93
16.52,44.74,50.2,67.97,65.43
59.24,96.78,40.92,72.3,21.75
37.97,43.33,47.71,92.21,14.65
12.57,19.95,54.02,68.37,44.55
95.29,49.46,47.33,93.44,14.9
78.15,45.96,2.29,10.94,92.9
41.4,86.85,5.51,28.21,19.81
49.57,13.26,12.73,90.06,69.71
16.75,18.18,39.62,0.17,81.92
93.11,62.1,79.78,3.88,51.85
71.06,68.37,77.32,35.3,75.88
82.14,32.67,85.73,13.94,7.59
5.33,67.03,67.34,19.26,92.4
70.86,49.49,73.63,73.55,31.75
2.66,89.19,11.25,7.41,68.91
84.44,67.88,33.19,29.18,38.36
96.18,62.36,24.69,68.76,27.52
75.49,61.46,46.6,32.12,20.94
98.85,86.95,95.72,23.07,14.99
5.82,43.14,94.95,27.08,22.13
44.1,82.39,89.42,31.97,15.06
67.59,18.76,80.04,99.41,60.39
2.73,7.64,26.39,47.29,43.65
89.59,97.4,44.36,36.59,35.56
40.51,20.16,4.2,70.39,50.36
62.57,69.48,6.46,0.0,2.37
27.92,38.36,9.4,48.94,0.15
72.86,68.22,32.25,40.41,7.04
58.45,84.39,14.61,33.19,7.14
59.47,34.98,3.8,61.62,70.57
39.85,56.82,56.17,63.45,52.88
70.09,2.77,23.98,82.7,73.73
95.74,70.13,10.2,56.4,47.53
67.28,39.92,41.31,63.88,75.33
80.24,64.14,9.45,51.15,86.08
3.53,61.41,35.73,54.43,16.46
23.3,44.96,46.5,13.51,42.63
44.73,81.58,33.36,21.9,31.17
59.38,48.4,57.94,19.42,62.8
48.94,98.78,63.93,23.58,17.82
61.29,8.03,41.02,93.18,20.8
56.57,1.69,24.84,61.64,46.02
49.8,57.45,32.8,66.78,97.37
36.26,79.17,99.87,13.81,84.74
88.77,45.32,98.63,50.11,1.0
24.75,54.33,81.89,0.08,42.72
53.29,4.64,19.91,38.78,27.32
59.33,38.78,17.89,63.03,18.66
21.52,39.44,88.7,14.49,23.19
29.24,30.97,36.83,96.73,89.75
3.54,9.03,44.89,50.79,16.8
58.36,25.99,95.71,71.5,11.63
97.8,44.22,72.75,58.44,57.92
53.45,97.0,50.89,91.74,54.67
83.53,86.67,13.96,97.21,9.29
14.83,64.25,82.88,63.23,0.57
61.42,31.78,29.05,52.53,2.6
2.11,60.68,80.42,68.33,47.82
49.27,21.02,68.62,68.02,60.02
84.85,65.34,74.71,74.48,84.61
75.9,4.03,54.55,66.79,44.12
61.57,51.0,22.49,17.1,89.9
89.59,9.57,41.19,73.06,47.1
73.03,91.21,58.41,3.41,92.4
43.74,91.24,77.26,40.6,26.58
41.28,64.25,98.2,83.53,31.99
67.22,24.64,31.85,35.84,95.73
39.47,7.41,33.79,89.85,68.06
24.37,12.92,44.18,80.56,96.07
91.6,73.57,48.05,22.54,18.83
75.01,42.11,88.95,64.09,18.74
69.93,62.91,43.62,43.03,36.62
67.47,7.28,75.92,39.24,46.55
54.07,56.63,72.78,74.22,28.77
5.53,8.04,6.79,5.62,55.4
94.31,6.5,29.38,7.3,12.57
31.36,99.25,39.38,49.25,17.33
57.02,96.81,63.2,31.69,12.54
55.13,54.01,70.85,84.22,27.47
95.95,62.63,4.19,55.96,58.99
41.32,83.71,86.17,72.51,66.73
83.83,14.67,67.66,94.04,98.66
21.06,97.63,24.16,69.92,31.78
35.18,3.07,95.81,90.02,52.99
63.09,51.45,8.55,33.31,20.32
29.4,33.53,99.88,82.11,57.76
85.76,16.51,16.71,99.63,50.68
43.01,33.16,95.67,97.04,45.79
20.24,19.67,61.31,45.1,74.36
53.91,53.78,9.62,69.33,62.35
9.06,63.84,7.11,17.38,81.64
8.34,68.29,94.54,60.6,58.68
5.49,9.39,82.51,43.6,24.01
86.35,80.03,38.08,7.93,2.06
30.95,99.1,84.0,36.21,53.77
50.52,13.78,45.53,36.31,83.45
66.12,50.73,14.49,15.51,5.37
16.25,30.26,70.27,16.86,13.32
58.83,4.86,14.45,76.25,11.66
80.41,84.43,65.56,76.1,5.42
45.49,43.74,92.85,29.7,51.96
82.56,72.87,32.6,52.68,25.18
2.37,65.1,37.94,37.03,0.99
72.54,79.63,18.12,42.74,67.75
83.63,0.32,45.12,44.85,25.74
78.08,17.41,65.73,30.78,38.13
50.0,60.21,90.95,57.37,99.92
62.44,80.31,20.08,72.19,24.77
62.71,74.24,0.57,50.98,80.16
51.42,93.03,91.11,58.13,92.51
48.74,46.65,52.68,74.68,36.96
81.47,61.66,82.41,56.65,69.53
0.94,39.05,52.26,41.12,14.54
74.99,86.45,92.38,78.82,2.29
57.79,56.77,99.84,31.88,9.43
46.86,5.17,40.78,66.42,70.47
76.01,40.02,31.61,36.82,52.57
33.99,49.27,7.51,47.04,22.36
20.97,76.76,98.05,67.5,85.58
17.38,92.15,26.98,6.35,79.93
50.12,20.01,64.25,38.79,12.25
69.81,8.41,5.3,29.83,14.16
94.69,39.13,14.61,19.92,5.35
70.94,28.61,82.31,9.1,62.79
34.79,75.99,76.92,86.57,22.76
10.44,18.71,24.84,40.72,83.77
94.68,11.73,21.6,2.52,86.91
42.66,12.63,9.17,85.43,58.04
33.62,36.47,34.09,64.38,63.22
30.8,87.58,8.82,69.77,90.13
89.32,18.76,38.88,73.82,11.96
18.94,14.21,48.17,54.14,0.36
27.79,15.72,60.8,49.67,85.11
53.25,2.72,92.08,77.01,60.72
60.37,21.36,13.36,53.11,11.71
49.38,96.3,21.37,30.29,28.88
10.63,13.75,31.44,10.88,15.97
5.31,60.2,65.35,23.17,9.99
95.3,92.41,10.32,35.36,66.54
32.19,25.31,70.46,5.36,59.17
99.46,40.88,26.04,15.74,19.02
52.17,60.67,11.73,20.52,56.64
18.29,44.39,31.59,87.03,95.61
34.14,56.85,45.36,6.14,57.55
76.28,67.43,36.25,60.04,10.95
86.46,43.57,31.94,18.83,78.71
58.52,75.23,79.42,52.86,70.06
62.02,65.45,19.21,78.06,48.7
73.77,9.04,37.99,88.52,97.69
45.55,73.93,10.89,24.2,21.41
71.13,60.45,79.67,92.57,20.53
67.88,89.85,85.87,71.06,13.4
4.15,10.74,78.35,60.77,25.41
66.45,95.05,19.3,79.36,51.94
62.95,81.56,77.53,31.55,96.64
63.93,26.32,75.86,94.82,59.53
79.0,95.53,8.3,72.14,80.7
1.73,97.8,9.31,10.45,58.24
22.45,32.04,17.65,7.2,31.28
36.72,73.68,95.12,5.67,93.11
53.11,79.2,89.33,62.13,19.39
3.7,41.36,29.39,87.56,10.64
3.47,75.59,29.13,27.34,90.96
7.75,37.27,33.77,35.94,1.92
36.94,45.94,48.26,9.07,89.35
13.95,98.64,52.2,13.11,41.9
7.44,37.82,78.21,3.24,24.73
88.96,78.49,62.79,39.96,50.7
85.29,24.03,38.86,14.55,32.39
69.33,49.83,65.97,78.92,13.83
59.28,51.35,70.75,46.48,11.31
39.55,97.58,44.89,78.49,71.66
42.56,79.98,76.32,66.44,46.07
7.75,15.96,45.03,82.33,94.75
82.69,94.4,48.0,95.05,72.02
43.25,12.94,92.5,94.74,44.73
73.85,54.47,95.94,56.89,90.04
54.55,32.88,70.81,96.44,54.69
6.33,10.53,1.78,98.93,81.61
97.61,27.73,22.9,46.72,9.29
84.12,96.63,30.33,14.99,60.96
96.02,91.62,60.34,93.62,55.77
21.2,64.85,64.3,11.5,79.46
67.93,70.51,62.94,9.49,38.64
31.05,30.59,91.21,10.63,58.0
37.24,58.61,32.66,86.09,54.33
33.01,96.34,71.0,43.45,22.0
1.15,67.22,26.31,28.14,92.09
29.25,6.8,51.9,63.9,93.18
97.93,17.33,1.08,76.2,81.61
19.87,97.73,62.0,2.4,32.27
39.2,70.31,82.58,50.25,85.16
11.49,38.09,61.02,36.59,82.12
76.68,32.85,25.85,5.28,71.22
17.18,70.24,81.32,63.36,21.36
20.69,39.18,6.8,71.86,5.57
74.14,90.09,80.13,80.49,22.98
60.88,87.5,20.97,7.78,87.28
68.65,10.26,11.57,99.96,11.02
31.72,99.48,50.55,76.99,51.99
65.3,63.33,25.77,90.7,52.15
12.38,77.12,60.8,69.98,73.38
43.7,56.96,29.55,91.89,73.41
40.56,34.59,86.27,65.63,53.12
15.38,51.2,27.67,69.55,34.44
16.8,94.57,6.1,11.93,45.89
62.44,9.36,6.33,8.69,14.04
75.67,81.11,31.39,56.81,62.16
4.08,46.04,14.4,18.05,45.56
66.12,38.25,41.57,54.31,3.14
14.36,24.32,84.31,24.77,72.6
26.96,83.86,61.8,77.98,17.42
43.96,40.5,41.63,8.98,81.0
28.55,49.14,98.7,30.49,39.74
7.01,64.43,36.38,37.93,54.19
73.89,59.37,95.36,21.52,88.21
89.75,82.04,54.56,35.58,80.99
71.47,46.83,72.58,95.86,29.54
79.16,61.86,45.98,46.0,88.52
53.95,68.73,83.95,39.8,51.0
73.39,91.85,70.66,25.39,62.47
38.91,73.74,9.73,61.67,74.91
83.87,79.77,54.82,67.07,26.0
16.18,89.75,55.42,19.29,73.88
73.42,39.8,26.98,35.54,16.43
81.7,93.7,83.93,86.67,25.41
46.44,60.81,5.53,64.78,61.69
88.63,50.13,74.59,48.44,27.08
96.8,31.18,62.14,45.05,65.56
32.72,7.85,58.69,30.23,23.06
65.08,14.82,15.16,33.67,60.56
36.51,97.2,92.55,96.17,31.6
98.64,1.38,76.73,72.33,24.4
88.91,85.91,54.41,35.2,97.55
87.04,32.2,91.31,19.03,63.57
4.61,76.17,71.62,36.87,87.09
1.86,62.98,84.8,33.68,52.23
40.65,50.59,12.29,78.33,61.23
14.66,67.4,10.35,86.0,18.78
34.06,85.27,9.61,74.64,60.92
30.99,45.21,47.1,43.96,93.18
69.22,85.37,68.14,40.89,48.33
28.62,58.03,47.13,11.79,59.29
50.52,73.75,53.07,64.41,78.54
29.94,32.93,47.43,88.03,33.01
71.31,89.57,80.59,94.36,82.94
83.05,12.09,82.16,15.88,63.14
30.0,80.44,25.89,27.32,59.67
69.89,72.68,66.84,98.84,19.16
0.81,64.29,93.51,19.28,79.19
41.71,4.58,46.22,33.95,96.56
31.64,56.02,73.62,14.12,52.71
94.83,63.02,44.22,93.51,98.16
98.33,75.43,34.58,84.53,86.11
56.65,60.14,54.68,68.71,72.75
53.16,14.26,0.69,16.58,16.58
85.54,23.62,2.75,29.72,74.91
88.06,51.27,40.54,7.97,18.14
62.3,76.38,91.69,65.83,43.76
28.03,28.83,82.95,14.81,92.04
35.44,68.02,10.86,98.6,5.13
2.04,79.58,25.63,55.01,96.95
87.27,20.65,79.65,57.84,73.76
36.42,92.06,57.18,17.58,89.34
35.51,45.54,70.78,54.86,73.63
97.94,61.09,26.56,23.12,35.48
74.26,10.19,38.11,46.95,4.82
43.71,88.71,73.33,6.05,1.66
32.25,47.46,2.18,23.53,52.8
32.42,29.72,39.31,58.16,83.18
59.66,40.93,19.89,72.89,30.13
65.6,59.76,47.19,27.15,66.93
81.52,94.91,91.27,93.73,86.7
62.95,36.55,76.36,90.26,37.38
49.04,38.65,66.56,58.8,97.45
79.98,3.35,38.15,15.01,46.74
87.58,0.15,93.94,92.82,74.09
80.15,61.7,91.08,57.06,6.49
38.19,67.46,52.62,29.74,12.59
68.44,36.26,89.09,65.91,4.89
22.66,96.49,55.72,10.32,60.3
62.83,69.75,93.8,5.82,44.28
30.83,79.31,79.58,48.73,31.65
4.33,19.93,77.74,34.25,99.51
68.44,14.77,14.78,5.34,9.95
27.43,23.09,29.59,22.09,89.39
99.25,20.27,75.67,48.2,98.54
99.33,82.73,88.68,44.87,53.82
64.79,98.19,10.26,68.42,6.55
95.3,19.72,30.35,13.45,34.18
67.88,21.49,67.63,25.3,8.78
10.31,17.73,40.87,34.22,62.68
25.45,37.42,75.81,49.96,87.98
42.77,3.46,11.47,93.1,93.79
75.1,9.09,86.77,4.79,22.05
35.73,79.15,0.77,16.37,93.0
3.14,90.9,54.01,47.8,85.93
16.29,78.02,55.78,80.19,63.28
8.57,10.01,80.14,43.48,39.8
20.38,93.72,42.97,76.94,59.01
17.18,15.22,60.11,17.5,45.22
50.39,7.93,44.07,50.61,44.14
74.04,68.11,36.29,18.37,92.04
3.45,7.36,72.45,91.33,15.16
36.42,24.47,4.23,99.03,55.21
9.99,22.38,41.4,1.75,96.1
12.33,43.68,53.19,52.67,66.01
20.93,46.72,21.98,40.91,37.94
62.82,20.62,76.5,38.52,70.28
65.36,67.45,31.86,40.92,38.63
58.72,39.5,52.84,86.25,39.71
88.89,13.26,40.67,2.79,49.89
33.06,95.47,68.34,51.89,21.24
62.55,39.45,96.11,24.51,96.0
86.17,49.73,76.57,47.48,41.71
38.19,90.29,69.69,42.13,79.07
40.0,70.93,18.88,13.19,45.86
15.74,28.76,9.45,69.57,42.1
9.19,21.19,50.98,86.38,20.86
76.35,12.76,12.05,1.59,29.49
10.73,59.31,85.26,59.93,23.3
5.51,18.75,65.1,67.03,3.2
67.54,72.09,68.62,36.49,5.43
25.81,36.31,98.91,19.89,87.61
7.3,89.14,73.08,88.5,20.08
97.92,39.13,8.35,31.14,44.77
12.37,78.92,14.47,94.48,59.75
84.98,62.19,92.61,68.85,11.32
45.45,64.64,53.47,43.23,33.5
86.64,8.76,53.99,13.79,22.84
33.3,98.18,25.75,54.78,84.83
1.8,40.12,72.14,17.07,45.54
13.51,28.19,20.55,20.57,91.42
31.36,85.79,16.83,6.53,82.83
28.89,13.44,34.01,74.49,52.91
57.21,5.97,0.99,90.43,83.83
18.74,54.61,5.98,86.21,88.36
65.05,15.36,0.45,38.16,11.12
29.0,97.91,9.63,3.5,75.52
75.89,57.93,15.35,33.69,93.04
65.9,43.03,95.3,0.01,95.15
89.45,32.1,33.74,16.86,88.73
12.73,16.51,14.28,84.63,5.86
90.94,40.69,16.12,47.09,82.13
70.69,76.16,86.85,59.18,5.66
64.56,62.46,45.97,81.27,4.42
24.51,20.51,47.39,40.16,45.73
45.18,89.73,41.96,31.3,6.35
84.57,97.63,48.74,26.29,27.61
92.14,72.15,20.53,69.61,42.89
91.32,28.88,42.65,84.34,33.08
97.91,94.51,89.34,49.81,74.24
59.94,7.99,99.62,48.54,73.45
27.01,76.27,53.63,4.29,89.24
69.18,86.46,51.92,95.28,50.89
28.74,77.49,4.86,13.91,37.04
71.05,86.53,87.05,54.82,11.98
37.8,14.45,1.46,54.93,0.21
64.54,66.35,23.94,43.46,54.38
93.81,94.46,35.57,30.52,56.14
24.06,99.95,61.95,26.66,26.78
41.53,38.02,88.57,20.63,29.02
37.43,0.98,84.74,42.63,58.52
33.92,71.94,75.57,10.59,87.83
63.27,72.17,9.72,59.25,20.78
50.4,4.06,49.67,8.31,30.23
66.04,57.08,19.9,67.91,28.75
94.73,69.04,68.56,41.71,22.12
23.89,51.27,92.29,68.69,96.39
87.31,75.15,98.84,55.5,42.49
39.19,35.96,9.14,71.35,36.14
13.24,34.51,71.51,8.4,65.3
8.13,58.17,26.46,38.31,65.63
72.58,82.62,34.4,46.53,60.11
18.29,10.99,44.43,47.71,72.58
94.24,74.64,38.44,46.09,95.09
65.74,57.39,29.03,22.65,57.2
66.18,47.06,32.48,66.29,78.33
41.99,82.46,53.15,40.81,49.21
38.55,47.38,53.96,73.28,13.0
65.19,61.26,93.95,25.56,20.64
41.24,23.25,22.03,70.42,88.97
46.89,17.49,42.05,32.86,83.65
97.55,76.64,93.23,3.13,87.98
56.5,24.1,62.63,71.06,53.91
86.25,79.5,39.91,63.03,65.84
36.27,12.89,23.48,89.28,5.94
9.93,4.93,73.67,27.24,2.72
75.72,19.64,58.83,93.08,18.29
64.65,8.35,49.8,71.45,63.15
45.38,28.38,60.3,77.3,31.8
74.83,33.04,12.53,16.91,12.58
23.64,82.96,1.67,13.08,45.23
20.21,6.63,94.97,66.61,32.01
32.27,25.14,60.81,25.5,99.89
67.17,82.53,97.92,41.56,88.98
45.41,29.76,56.75,77.86,56.94
7.54,77.79,28.16,53.94,32.89
46.39,27.3,13.4,74.95,87.48
0.23,16.76,66.79,96.79,95.09
83.44,43.12,74.77,3.66,11.78
49.0,56.55,5.62,52.34,82.73
74.33,42.63,14.89,89.38,75.0
41.36,54.0,18.36,27.53,34.32
2.16,43.08,37.67,72.88,68.6
21.46,84.06,68.4,37.99,91.57
79.16,43.51,75.19,84.13,38.49
52.31,30.75,68.06,52.27,25.35
93.48,36.59,34.5,8.61,14.31
66.32,12.28,93.47,79.26,57.81
17.12,55.66,57.17,58.75,52.85
55.6,17.37,84.12,74.32,16.41
70.4,78.77,73.74,63.04,99.36
82.99,77.13,33.54,0.81,10.67
46.0,45.39,24.1,94.79,77.94
88.95,64.68,6.92,21.88,71.19
86.79,4.46,0.09,1.92,44.35
30.77,37.26,43.03,18.22,82.02
79.01,80.45,11.91,49.04,20.23
59.37,53.18,87.53,7.75,50.58
61.09,26.05,50.35,92.71,44.52
42.72,41.53,53.88,21.71,71.71
66.79,62.25,6.23,38.19,93.49
89.12,34.34,21.81,41.24,79.17
64.82,38.77,29.3,87.61,57.78
7.0,9.01,3.58,78.85,18.39
14.47,97.48,41.72,98.66,40.25
98.92,11.35,84.95,93.51,14.38
11.84,90.93,60.8,69.38,97.79
18.65,33.35,31.37,67.23,45.52
51.25,11.54,49.54,79.9,86.1
53.38,18.63,91.76,54.23,74.27
80.62,57.46,47.25,97.13,43.56
41.86,91.72,60.39,36.29,80.94
83.67,69.72,94.17,26.42,92.68
8.25,98.8,13.96,71.26,91.09
51.5,57.33,86.79,59.31,46.17
72.66,69.61,29.62,34.14,55.34
93.81,15.12,64.96,45.0,22.61
36.35,27.02,90.71,6.84,20.18
80.03,95.11,5.07,77.05,77.07
36.91,38.12,7.82,47.61,38.48
73.26,87.12,60.51,30.9,86.05
62.38,73.15,36.29,19.53,62.07
62.56,21.02,55.43,52.91,64.47
25.9,4.13,18.2,64.15,43.87
70.37,62.56,24.54,47.51,96.44
30.02,39.23,92.26,49.81,80.5
53.67,67.1,6.31,5.56,43.07
